decision_id,fecha,categoria,elemento,decision_v1_0,justificacion,estado
DEC-001,2026-09-21,Datos,Dataset principal,"GeNIS 2025 (ventana 30s)","Dataset reciente (2025), modular y representativo de trafico empresarial",Congelado
DEC-002,2026-09-21,Datos,Dataset de contraste,"CICIDS2017 (subconjunto 100k flujos, semilla 42)","Benchmark estandarizado en la literatura de IDS para contrastacion independiente",Congelado
DEC-003,2026-09-21,Modelos,Algoritmos evaluados,"Random Forest, XGBoost, Perceptron Multicapa (MLP)","Comparacion entre metodos basados en arboles/ensambles y redes neuronales densas",Congelado
DEC-004,2026-09-21,Evaluacion,Metrica principal de seleccion,F1 macro,"Manejo robusto frente al desbalance de clases en ciberseguridad sin favorecer la clase mayoritaria",Congelado
DEC-005,2026-09-21,Evaluacion,Metricas secundarias,"Accuracy, Precision macro, Recall macro, F1 por clase, Matriz de confusion","Caracterizacion global y por vector de ataque",Congelado
DEC-006,2026-09-21,Validacion,Esquema de validacion,"Stratified K-Fold (5 pliegues, shuffle=True, random_state=42)","Garantiza distribucion proporcional de ataques en cada pliegue y reproducibilidad",Congelado
DEC-007,2026-09-21,Reproducibilidad,Semilla global,42,"Fijada antes de la experimentacion para todas las operaciones estocasticas",Congelado
DEC-008,2026-09-21,Preprocesamiento,Manejo de desbalance,"SMOTE aplicado exclusivamente dentro del pliegue/conjunto de entrenamiento","Evitar fuga de datos (data leakage) hacia validacion o prueba",Congelado
DEC-009,2026-09-21,Preprocesamiento,Estandarizacion,"StandardScaler ajustado solo con entrenamiento","Evitar contaminacion de parametros mu y sigma hacia conjuntos de evaluacion",Congelado
DEC-010,2026-09-21,Metodologia,Seleccion de modelo,"Exclusivamente mediante validacion cruzada en GeNIS 2025","Ningun dato de test o de contraste influye en la eleccion del algoritmo final",Congelado
DEC-011,2026-09-21,Metodologia,Aislamiento de test,"GeNIS test aislado hasta congelar hiperparametros y modelo final","Garantizar evaluacion no sesgada",Congelado
DEC-012,2026-09-21,Metodologia,Rol de CICIDS2017,"Dataset de contraste independiente no participativo en seleccion","Evaluar capacidad de generalizacion y estabilidad de caracteristicas SHAP",Congelado
DEC-013,2026-09-21,Explicabilidad,Explicador SHAP,"TreeExplainer (RF/XGBoost) o KernelExplainer (MLP)","Calculo de valores de Shapley consistentes con la arquitectura del modelo",Congelado
DEC-014,2026-09-21,Explicabilidad,Configuracion KernelExplainer,"100 instancias de referencia y 500 observaciones de prueba estratificadas (semilla 42)","Viabilidad computacional en caso de seleccionar MLP",Congelado
DEC-015,2026-09-21,Usabilidad,Muestra de participantes,"8 a 12 administradores/encargados de PyMES de Juliaca","Muestreo intencional no probabilistico de caracter exploratorio",Congelado
DEC-016,2026-09-21,Usabilidad,Prueba piloto,"2 usuarios antes de la aplicacion definitiva","Deteccion temprana de ambiguedades en el instrumento o problemas de interfaz",Congelado
DEC-017,2026-09-21,Usabilidad,Escenarios de alerta,"DoS, Port Scan/Reconocimiento, Brute Force","Amenazas recurrentes y diferenciadas tecnicamente en redes de PyMES",Congelado
DEC-018,2026-09-21,Usabilidad,Juicio de expertos,3 evaluadores (2 ciberseguridad + 1 metodologia),"Validacion de contenido y coherencia del instrumento de recoleccion",Congelado
DEC-019,2026-09-21,Eficiencia,Umbral maximo de inferencia (H3),"Tiempo de inferencia por flujo < 500 ms","Operatividad en estaciones de trabajo y hardware estandar de PyMES",Congelado
DEC-020,2026-09-21,Usabilidad,Criterios de aceptacion H4,"Identificacion correcta de ataque >= 70% y Playbook correcto >= 60%","Niveles minimos de eficacia operativa para personal no especializado",Congelado
