feature,mean_abs_shap,relative_importance,cumulative_importance
Init_Win_bytes_forward,0.71277446,0.13438584,0.13438584
Bwd Packets/s,0.5746587,0.10834562,0.24273145
PSH Flag Count,0.44744086,0.084360085,0.32709154
Init_Win_bytes_backward,0.4028296,0.07594912,0.40304065
Packet Length Variance,0.34331626,0.06472853,0.46776918
Average Packet Size,0.28390914,0.053527966,0.52129716
Subflow Fwd Bytes,0.2722093,0.051322088,0.57261926
Total Length of Bwd Packets,0.26305485,0.049596116,0.6222154
Bwd Packet Length Min,0.24944323,0.047029797,0.6692452
min_seg_size_forward,0.19631985,0.037013963,0.70625913
