user_id,rubro,dos_correct,dos_time_s,recon_correct,recon_time_s,bf_correct,bf_time_s,claridad_likert,utilidad_likert,confianza_likert,adopcion_likert
PYME-JUL-01,Comercial / Ferretería,1,24.5,1,31.2,1,19.8,5,5,4,5
PYME-JUL-02,Textil y Calzado,1,28.1,1,38.4,1,22.3,4,5,4,4
PYME-JUL-03,Distribuidora Abarrotes,1,21.0,0,45.0,1,25.1,4,4,4,4
PYME-JUL-04,Servicios Contables,1,18.5,1,26.2,1,17.4,5,5,5,5
PYME-JUL-05,Botica y Farmacia,1,32.4,1,35.8,1,21.0,4,4,3,4
PYME-JUL-06,Imprenta y Publicidad,1,23.0,1,29.5,1,20.2,5,5,4,5
PYME-JUL-07,Taller Automotriz,1,35.2,0,50.1,1,28.7,3,4,3,3
PYME-JUL-08,Restaurante y Hotelería,1,22.7,1,33.1,1,18.9,4,5,4,5
PYME-JUL-09,Venta de Repuestos,1,26.4,1,28.9,1,24.0,5,4,4,4
PYME-JUL-10,Consultoría Legal,1,19.3,1,27.4,1,16.5,5,5,5,5
