feature,argus_type,definition,risk_type,decision,justification
DstJitter,Continuous,destination jitter (mSec),BEHAVIORAL_METRIC,KEPT_CANDIDATE,"Estadística conductual de flujo legítima (duración, tasa de bytes/paquetes, RTT, TTL, jitter, etc.)."
DstTCPBase,Integer,destination TCP base sequence number,BEHAVIORAL_METRIC,KEPT_CANDIDATE,"Estadística conductual de flujo legítima (duración, tasa de bytes/paquetes, RTT, TTL, jitter, etc.)."
SAppBytes,Integer,source -> destination application bytes,BEHAVIORAL_METRIC,KEPT_CANDIDATE,"Estadística conductual de flujo legítima (duración, tasa de bytes/paquetes, RTT, TTL, jitter, etc.)."
DIntPktMin,Continuous,minimum value of the destination interpacket arrival time (mSec),BEHAVIORAL_METRIC,KEPT_CANDIDATE,"Estadística conductual de flujo legítima (duración, tasa de bytes/paquetes, RTT, TTL, jitter, etc.)."
SrcJitAct,Continuous,source active jitter (mSec),BEHAVIORAL_METRIC,KEPT_CANDIDATE,"Estadística conductual de flujo legítima (duración, tasa de bytes/paquetes, RTT, TTL, jitter, etc.)."
Offset,Integer,record byte offset in file or stream,IDENTIFIER_SEQUENCE,EXCLUDED_BY_PROTOCOL,Identificador o número de secuencia secuencial excluido.
DstBytes,Integer,destination -> source transaction bytes,BEHAVIORAL_METRIC,KEPT_CANDIDATE,"Estadística conductual de flujo legítima (duración, tasa de bytes/paquetes, RTT, TTL, jitter, etc.)."
DstLoad,Continuous,destination bits per second,BEHAVIORAL_METRIC,KEPT_CANDIDATE,"Estadística conductual de flujo legítima (duración, tasa de bytes/paquetes, RTT, TTL, jitter, etc.)."
SrcBytes,Integer,source -> destination transaction bytes,BEHAVIORAL_METRIC,KEPT_CANDIDATE,"Estadística conductual de flujo legítima (duración, tasa de bytes/paquetes, RTT, TTL, jitter, etc.)."
SrcLoss,Integer,source packets retransmitted or dropped,BEHAVIORAL_METRIC,KEPT_CANDIDATE,"Estadística conductual de flujo legítima (duración, tasa de bytes/paquetes, RTT, TTL, jitter, etc.)."
TotPkts,Integer,total transaction packet count,BEHAVIORAL_METRIC,KEPT_CANDIDATE,"Estadística conductual de flujo legítima (duración, tasa de bytes/paquetes, RTT, TTL, jitter, etc.)."
SrcTCPBase,Integer,source TCP base sequence number,BEHAVIORAL_METRIC,KEPT_CANDIDATE,"Estadística conductual de flujo legítima (duración, tasa de bytes/paquetes, RTT, TTL, jitter, etc.)."
Loss,Integer,packets retransmitted or dropped,BEHAVIORAL_METRIC,KEPT_CANDIDATE,"Estadística conductual de flujo legítima (duración, tasa de bytes/paquetes, RTT, TTL, jitter, etc.)."
Rate,Continuous,packets per second,BEHAVIORAL_METRIC,KEPT_CANDIDATE,"Estadística conductual de flujo legítima (duración, tasa de bytes/paquetes, RTT, TTL, jitter, etc.)."
SIntPktIdl,Continuous,source idle interpacket arrival time (mSec),BEHAVIORAL_METRIC,KEPT_CANDIDATE,"Estadística conductual de flujo legítima (duración, tasa de bytes/paquetes, RTT, TTL, jitter, etc.)."
RunTime,Continuous,total active flow run time. sum of the records duration,BEHAVIORAL_METRIC,KEPT_CANDIDATE,"Estadística conductual de flujo legítima (duración, tasa de bytes/paquetes, RTT, TTL, jitter, etc.)."
DstLoss,Integer,destination packets retransmitted or dropped,BEHAVIORAL_METRIC,KEPT_CANDIDATE,"Estadística conductual de flujo legítima (duración, tasa de bytes/paquetes, RTT, TTL, jitter, etc.)."
sMeanPktSz,Continuous,mean of the flow packet size transmitted by the source (initiator),BEHAVIORAL_METRIC,KEPT_CANDIDATE,"Estadística conductual de flujo legítima (duración, tasa de bytes/paquetes, RTT, TTL, jitter, etc.)."
TotAppByte,Integer,total application bytes,BEHAVIORAL_METRIC,KEPT_CANDIDATE,"Estadística conductual de flujo legítima (duración, tasa de bytes/paquetes, RTT, TTL, jitter, etc.)."
Sdaddr,Integer,number of connections with the same service and destination address,TOPOLOGICAL_HOST_COUNT,KEPT_CANDIDATE_DOCUMENTED,"En Argus/GeNIS representa conteo agregado de direcciones de hosts activos en la ventana de 30s (comportamiento de abanico DoS/Scan), no una IP fija."
SrcPkts,Integer,source -> destination packet count,BEHAVIORAL_METRIC,KEPT_CANDIDATE,"Estadística conductual de flujo legítima (duración, tasa de bytes/paquetes, RTT, TTL, jitter, etc.)."
TotBytes,Integer,total transaction bytes,BEHAVIORAL_METRIC,KEPT_CANDIDATE,"Estadística conductual de flujo legítima (duración, tasa de bytes/paquetes, RTT, TTL, jitter, etc.)."
DstRate,Countinuous,destination packets per second,BEHAVIORAL_METRIC,KEPT_CANDIDATE,"Estadística conductual de flujo legítima (duración, tasa de bytes/paquetes, RTT, TTL, jitter, etc.)."
Dport,Integer,destination port number,PORT_TOPOLOGY,EXCLUDED_BY_PROTOCOL,Puerto de red excluido según Protocolo V2 §3.6 para evitar memorización topológica.
dMaxPktSz,Integer,maximum packet size for traffic transmitted by the destination,BEHAVIORAL_METRIC,KEPT_CANDIDATE,"Estadística conductual de flujo legítima (duración, tasa de bytes/paquetes, RTT, TTL, jitter, etc.)."
Max,Continuous,maximum duration of aggregated records,BEHAVIORAL_METRIC,KEPT_CANDIDATE,"Estadística conductual de flujo legítima (duración, tasa de bytes/paquetes, RTT, TTL, jitter, etc.)."
SrcLoad,Continuous,source bits per second,BEHAVIORAL_METRIC,KEPT_CANDIDATE,"Estadística conductual de flujo legítima (duración, tasa de bytes/paquetes, RTT, TTL, jitter, etc.)."
Sport,Integer,source port number,PORT_TOPOLOGY,EXCLUDED_BY_PROTOCOL,Puerto de red excluido según Protocolo V2 §3.6 para evitar memorización topológica.
Mean,Continuous,average duration of aggregated records,BEHAVIORAL_METRIC,KEPT_CANDIDATE,"Estadística conductual de flujo legítima (duración, tasa de bytes/paquetes, RTT, TTL, jitter, etc.)."
TcpRtt,Continuous,TCP connection setup round-trip time,BEHAVIORAL_METRIC,KEPT_CANDIDATE,"Estadística conductual de flujo legítima (duración, tasa de bytes/paquetes, RTT, TTL, jitter, etc.)."
PCRatio,Continuous,producer consumer ratio,BEHAVIORAL_METRIC,KEPT_CANDIDATE,"Estadística conductual de flujo legítima (duración, tasa de bytes/paquetes, RTT, TTL, jitter, etc.)."
pLoss,Continuous,percent packets retransmitted or dropped,BEHAVIORAL_METRIC,KEPT_CANDIDATE,"Estadística conductual de flujo legítima (duración, tasa de bytes/paquetes, RTT, TTL, jitter, etc.)."
Ssaddr,Integer,number of connections with the same service and source address,TOPOLOGICAL_HOST_COUNT,KEPT_CANDIDATE_DOCUMENTED,"En Argus/GeNIS representa conteo agregado de direcciones de hosts activos en la ventana de 30s (comportamiento de abanico DoS/Scan), no una IP fija."
sMaxPktSz,Integer,maximum packet size for traffic transmitted by the source,BEHAVIORAL_METRIC,KEPT_CANDIDATE,"Estadística conductual de flujo legítima (duración, tasa de bytes/paquetes, RTT, TTL, jitter, etc.)."
DstWin,Integer,destination TCP window advertisement,BEHAVIORAL_METRIC,KEPT_CANDIDATE,"Estadística conductual de flujo legítima (duración, tasa de bytes/paquetes, RTT, TTL, jitter, etc.)."
SIntPktMin,Continuous,minimum value of the source interpacket arrival time (mSec),BEHAVIORAL_METRIC,KEPT_CANDIDATE,"Estadística conductual de flujo legítima (duración, tasa de bytes/paquetes, RTT, TTL, jitter, etc.)."
Sum,Continuous,total accumulated durations of aggregated records,BEHAVIORAL_METRIC,KEPT_CANDIDATE,"Estadística conductual de flujo legítima (duración, tasa de bytes/paquetes, RTT, TTL, jitter, etc.)."
sTos,Integer,source TOS byte value,BEHAVIORAL_METRIC,KEPT_CANDIDATE,"Estadística conductual de flujo legítima (duración, tasa de bytes/paquetes, RTT, TTL, jitter, etc.)."
SIntPkt,Continuous,source interpacket arrival time (mSec),BEHAVIORAL_METRIC,KEPT_CANDIDATE,"Estadística conductual de flujo legítima (duración, tasa de bytes/paquetes, RTT, TTL, jitter, etc.)."
sHops,Integer,estimate of number of IP hops from source to this point,BEHAVIORAL_METRIC,KEPT_CANDIDATE,"Estadística conductual de flujo legítima (duración, tasa de bytes/paquetes, RTT, TTL, jitter, etc.)."
Dur,Continuous,record total duration,BEHAVIORAL_METRIC,KEPT_CANDIDATE,"Estadística conductual de flujo legítima (duración, tasa de bytes/paquetes, RTT, TTL, jitter, etc.)."
DIntPkt,Continuous,destination interpacket arrival time (mSec),BEHAVIORAL_METRIC,KEPT_CANDIDATE,"Estadística conductual de flujo legítima (duración, tasa de bytes/paquetes, RTT, TTL, jitter, etc.)."
SynAck,Continuous,TCP connection setup time,BEHAVIORAL_METRIC,KEPT_CANDIDATE,"Estadística conductual de flujo legítima (duración, tasa de bytes/paquetes, RTT, TTL, jitter, etc.)."
AckDat,Continuous,TCP connection setup time,BEHAVIORAL_METRIC,KEPT_CANDIDATE,"Estadística conductual de flujo legítima (duración, tasa de bytes/paquetes, RTT, TTL, jitter, etc.)."
SIntPktMax,Continuous,maximum value of the source interpacket arrival time (mSec),BEHAVIORAL_METRIC,KEPT_CANDIDATE,"Estadística conductual de flujo legítima (duración, tasa de bytes/paquetes, RTT, TTL, jitter, etc.)."
DIntPktMax,Continuous,maximum value of the destination interpacket arrival time (mSec),BEHAVIORAL_METRIC,KEPT_CANDIDATE,"Estadística conductual de flujo legítima (duración, tasa de bytes/paquetes, RTT, TTL, jitter, etc.)."
SrcRate,Continuous,source packets per second,BEHAVIORAL_METRIC,KEPT_CANDIDATE,"Estadística conductual de flujo legítima (duración, tasa de bytes/paquetes, RTT, TTL, jitter, etc.)."
Load,Continuous,bits per second,BEHAVIORAL_METRIC,KEPT_CANDIDATE,"Estadística conductual de flujo legítima (duración, tasa de bytes/paquetes, RTT, TTL, jitter, etc.)."
Seq,Integer,argus sequence number,IDENTIFIER_SEQUENCE,EXCLUDED_BY_PROTOCOL,Identificador o número de secuencia secuencial excluido.
dMinPktSz,Integer,minimum packet size for traffic transmitted by the destination,BEHAVIORAL_METRIC,KEPT_CANDIDATE,"Estadística conductual de flujo legítima (duración, tasa de bytes/paquetes, RTT, TTL, jitter, etc.)."
sTtl,Integer,source -> destination TTL value,BEHAVIORAL_METRIC,KEPT_CANDIDATE,"Estadística conductual de flujo legítima (duración, tasa de bytes/paquetes, RTT, TTL, jitter, etc.)."
Min,Continuous,minimum duration of aggregated records,BEHAVIORAL_METRIC,KEPT_CANDIDATE,"Estadística conductual de flujo legítima (duración, tasa de bytes/paquetes, RTT, TTL, jitter, etc.)."
SIntPktAct,Continuous,source active interpacket arrival time (mSec),BEHAVIORAL_METRIC,KEPT_CANDIDATE,"Estadística conductual de flujo legítima (duración, tasa de bytes/paquetes, RTT, TTL, jitter, etc.)."
DIntPktAct,Continuous,destination active interpacket arrival time (mSec),BEHAVIORAL_METRIC,KEPT_CANDIDATE,"Estadística conductual de flujo legítima (duración, tasa de bytes/paquetes, RTT, TTL, jitter, etc.)."
SrcJitter,Continuous,source jitter (mSec),BEHAVIORAL_METRIC,KEPT_CANDIDATE,"Estadística conductual de flujo legítima (duración, tasa de bytes/paquetes, RTT, TTL, jitter, etc.)."
dMeanPktSz,Continuous,Mean of the flow packet size transmitted by the destination (target),BEHAVIORAL_METRIC,KEPT_CANDIDATE,"Estadística conductual de flujo legítima (duración, tasa de bytes/paquetes, RTT, TTL, jitter, etc.)."
SrcWin,Integer,source TCP window advertisement,BEHAVIORAL_METRIC,KEPT_CANDIDATE,"Estadística conductual de flujo legítima (duración, tasa de bytes/paquetes, RTT, TTL, jitter, etc.)."
sMinPktSz,Integer,minimum packet size for traffic transmitted by the source,BEHAVIORAL_METRIC,KEPT_CANDIDATE,"Estadística conductual de flujo legítima (duración, tasa de bytes/paquetes, RTT, TTL, jitter, etc.)."
DAppBytes,Integer,destination -> source application bytes,BEHAVIORAL_METRIC,KEPT_CANDIDATE,"Estadística conductual de flujo legítima (duración, tasa de bytes/paquetes, RTT, TTL, jitter, etc.)."
DstPkts,Integer,destionation -> source packet count,BEHAVIORAL_METRIC,KEPT_CANDIDATE,"Estadística conductual de flujo legítima (duración, tasa de bytes/paquetes, RTT, TTL, jitter, etc.)."
Proto_arp,Continuous/Discrete,Característica de flujo Argus,BEHAVIORAL_CATEGORICAL_OHE,KEPT_CANDIDATE,"Variable categórica de protocolo, banderas TCP o estado de conexión codificada en One-Hot."
Proto_icmp,Continuous/Discrete,Característica de flujo Argus,BEHAVIORAL_CATEGORICAL_OHE,KEPT_CANDIDATE,"Variable categórica de protocolo, banderas TCP o estado de conexión codificada en One-Hot."
Proto_ipv6-icmp,Continuous/Discrete,Característica de flujo Argus,BEHAVIORAL_CATEGORICAL_OHE,KEPT_CANDIDATE,"Variable categórica de protocolo, banderas TCP o estado de conexión codificada en One-Hot."
Proto_tcp,Continuous/Discrete,Característica de flujo Argus,BEHAVIORAL_CATEGORICAL_OHE,KEPT_CANDIDATE,"Variable categórica de protocolo, banderas TCP o estado de conexión codificada en One-Hot."
Proto_udp,Continuous/Discrete,Característica de flujo Argus,BEHAVIORAL_CATEGORICAL_OHE,KEPT_CANDIDATE,"Variable categórica de protocolo, banderas TCP o estado de conexión codificada en One-Hot."
Flgs_e,Continuous/Discrete,Característica de flujo Argus,BEHAVIORAL_CATEGORICAL_OHE,KEPT_CANDIDATE,"Variable categórica de protocolo, banderas TCP o estado de conexión codificada en One-Hot."
Flgs_e *,Continuous/Discrete,Característica de flujo Argus,BEHAVIORAL_CATEGORICAL_OHE,KEPT_CANDIDATE,"Variable categórica de protocolo, banderas TCP o estado de conexión codificada en One-Hot."
Flgs_e d,Continuous/Discrete,Característica de flujo Argus,BEHAVIORAL_CATEGORICAL_OHE,KEPT_CANDIDATE,"Variable categórica de protocolo, banderas TCP o estado de conexión codificada en One-Hot."
Flgs_e g,Continuous/Discrete,Característica de flujo Argus,BEHAVIORAL_CATEGORICAL_OHE,KEPT_CANDIDATE,"Variable categórica de protocolo, banderas TCP o estado de conexión codificada en One-Hot."
Flgs_e r,Continuous/Discrete,Característica de flujo Argus,BEHAVIORAL_CATEGORICAL_OHE,KEPT_CANDIDATE,"Variable categórica de protocolo, banderas TCP o estado de conexión codificada en One-Hot."
Flgs_e s,Continuous/Discrete,Característica de flujo Argus,BEHAVIORAL_CATEGORICAL_OHE,KEPT_CANDIDATE,"Variable categórica de protocolo, banderas TCP o estado de conexión codificada en One-Hot."
Flgs_eU,Continuous/Discrete,Característica de flujo Argus,BEHAVIORAL_CATEGORICAL_OHE,KEPT_CANDIDATE,"Variable categórica de protocolo, banderas TCP o estado de conexión codificada en One-Hot."
State_CLO,Continuous/Discrete,Característica de flujo Argus,BEHAVIORAL_CATEGORICAL_OHE,KEPT_CANDIDATE,"Variable categórica de protocolo, banderas TCP o estado de conexión codificada en One-Hot."
State_CON,Continuous/Discrete,Característica de flujo Argus,BEHAVIORAL_CATEGORICAL_OHE,KEPT_CANDIDATE,"Variable categórica de protocolo, banderas TCP o estado de conexión codificada en One-Hot."
State_ECO,Continuous/Discrete,Característica de flujo Argus,BEHAVIORAL_CATEGORICAL_OHE,KEPT_CANDIDATE,"Variable categórica de protocolo, banderas TCP o estado de conexión codificada en One-Hot."
State_FIN,Continuous/Discrete,Característica de flujo Argus,BEHAVIORAL_CATEGORICAL_OHE,KEPT_CANDIDATE,"Variable categórica de protocolo, banderas TCP o estado de conexión codificada en One-Hot."
State_INT,Continuous/Discrete,Característica de flujo Argus,BEHAVIORAL_CATEGORICAL_OHE,KEPT_CANDIDATE,"Variable categórica de protocolo, banderas TCP o estado de conexión codificada en One-Hot."
State_NRS,Continuous/Discrete,Característica de flujo Argus,BEHAVIORAL_CATEGORICAL_OHE,KEPT_CANDIDATE,"Variable categórica de protocolo, banderas TCP o estado de conexión codificada en One-Hot."
State_REQ,Continuous/Discrete,Característica de flujo Argus,BEHAVIORAL_CATEGORICAL_OHE,KEPT_CANDIDATE,"Variable categórica de protocolo, banderas TCP o estado de conexión codificada en One-Hot."
State_RSP,Continuous/Discrete,Característica de flujo Argus,BEHAVIORAL_CATEGORICAL_OHE,KEPT_CANDIDATE,"Variable categórica de protocolo, banderas TCP o estado de conexión codificada en One-Hot."
State_RST,Continuous/Discrete,Característica de flujo Argus,BEHAVIORAL_CATEGORICAL_OHE,KEPT_CANDIDATE,"Variable categórica de protocolo, banderas TCP o estado de conexión codificada en One-Hot."
State_TST,Continuous/Discrete,Característica de flujo Argus,BEHAVIORAL_CATEGORICAL_OHE,KEPT_CANDIDATE,"Variable categórica de protocolo, banderas TCP o estado de conexión codificada en One-Hot."
State_URH,Continuous/Discrete,Característica de flujo Argus,BEHAVIORAL_CATEGORICAL_OHE,KEPT_CANDIDATE,"Variable categórica de protocolo, banderas TCP o estado de conexión codificada en One-Hot."
State_URHPRO,Continuous/Discrete,Característica de flujo Argus,BEHAVIORAL_CATEGORICAL_OHE,KEPT_CANDIDATE,"Variable categórica de protocolo, banderas TCP o estado de conexión codificada en One-Hot."
